From country,To country,Jury A,Jury B,Jury C,Jury D,Jury E,Rank,Televote,Combined,Points
Albania,Ukraine,15,17,17,24,13,19,"
",19,"
"
Albania,Belarus,18,8,26,25,22,23,"
",23,"
"
Albania,Azerbaijan,12,14,16,7,26,15,"
",15,"
"
Albania,Iceland,24,26,18,26,14,24,"
",24,"
"
Albania,Norway,23,19,19,18,15,20,"
",20,"
"
Albania,Romania,22,16,9,14,16,16,"
",16,"
"
Albania,Armenia,9,13,20,6,25,13,"
",13,"
"
Albania,Montenegro,6,10,5,5,3,5,"
",5,6
Albania,Poland,14,18,21,23,23,22,"
",22,"
"
Albania,Greece,3,22,15,15,2,9,"
",9,2
Albania,Austria,11,6,4,4,6,6,"
",6,5
Albania,Germany,7,2,8,8,17,7,"
",7,4
Albania,Sweden,1,12,1,1,9,4,"
",4,7
Albania,France,17,5,22,22,7,12,"
",12,"
"
Albania,Russia,26,25,25,16,18,25,"
",25,"
"
Albania,Italy,2,3,3,9,1,2,"
",2,10
Albania,Slovenia,13,15,14,13,19,14,"
",14,"
"
Albania,Finland,16,9,13,19,24,17,"
",17,"
"
Albania,Spain,4,1,6,2,4,1,"
",1,12
Albania,Switzerland,25,24,23,20,20,26,"
",26,"
"
Albania,Hungary,5,4,2,3,5,3,"
",3,8
Albania,Malta,8,23,7,17,8,10,"
",10,1
Albania,Denmark,20,21,24,21,11,21,"
",21,"
"
Albania,The Netherlands,19,20,12,11,21,18,"
",18,"
"
Albania,San Marino,10,11,10,10,10,8,"
",8,3
Albania,United Kingdom,21,7,11,12,12,11,"
",11,"
"
Armenia,Ukraine,20,22,20,21,20,20,7,15,"
"
Armenia,Belarus,4,5,4,4,4,3,5,3,8
Armenia,Azerbaijan,25,25,25,25,25,25,25,25,"
"
Armenia,Iceland,11,8,5,3,9,5,19,11,"
"
Armenia,Norway,15,19,9,15,19,18,21,23,"
"
Armenia,Romania,16,6,16,18,17,17,17,20,"
"
Armenia,Montenegro,2,1,2,2,2,2,4,1,12
Armenia,Poland,18,2,17,13,5,11,16,16,"
"
Armenia,Greece,14,4,18,16,3,10,6,4,7
Armenia,Austria,23,21,23,24,23,24,2,14,"
"
Armenia,Germany,3,7,3,5,16,4,12,5,6
Armenia,Sweden,24,23,24,10,24,22,3,12,"
"
Armenia,France,19,18,19,19,14,19,13,18,"
"
Armenia,Russia,6,9,12,9,8,6,1,2,10
Armenia,Italy,13,10,15,14,15,16,23,24,"
"
Armenia,Slovenia,12,11,13,6,12,8,22,17,"
"
Armenia,Finland,17,12,14,8,13,15,20,21,"
"
Armenia,Spain,7,15,10,12,11,12,11,9,2
Armenia,Switzerland,10,13,8,20,6,13,8,6,5
Armenia,Hungary,22,24,22,23,22,23,10,19,"
"
Armenia,Malta,1,3,1,1,1,1,24,13,"
"
Armenia,Denmark,5,14,11,17,7,9,14,10,1
Armenia,The Netherlands,8,16,7,11,10,7,15,7,4
Armenia,San Marino,9,17,6,7,18,14,9,8,3
Armenia,United Kingdom,21,20,21,22,21,21,18,22,"
"
Austria,Ukraine,4,11,11,9,10,6,12,6,5
Austria,Belarus,15,17,20,21,8,19,19,20,"
"
Austria,Azerbaijan,25,6,16,14,23,20,25,24,"
"
Austria,Iceland,14,18,10,11,13,12,8,9,2
Austria,Norway,23,10,5,12,12,11,9,10,1
Austria,Romania,10,8,6,1,17,5,4,3,8
Austria,Armenia,21,1,1,2,1,3,2,1,12
Austria,Montenegro,17,16,17,22,21,22,17,21,"
"
Austria,Poland,18,19,19,20,20,24,3,13,"
"
Austria,Greece,19,25,18,13,9,21,14,19,"
"
Austria,Germany,6,14,15,19,24,16,5,12,"
"
Austria,Sweden,3,3,2,3,4,1,10,5,6
Austria,France,7,20,21,7,6,10,23,18,"
"
Austria,Russia,24,5,22,10,16,15,18,17,"
"
Austria,Italy,22,13,24,18,19,23,20,23,"
"
Austria,Slovenia,12,9,14,6,11,9,11,11,"
"
Austria,Finland,2,2,9,4,3,2,16,7,4
Austria,Spain,8,7,13,16,7,8,21,15,"
"
Austria,Switzerland,9,21,23,5,14,13,6,8,3
Austria,Hungary,20,4,4,8,5,4,7,4,7
Austria,Malta,16,12,8,15,22,14,15,14,"
"
Austria,Denmark,13,22,7,23,15,18,13,16,"
"
Austria,The Netherlands,11,15,3,17,2,7,1,2,10
Austria,San Marino,5,23,25,25,25,25,24,25,"
"
Austria,United Kingdom,1,24,12,24,18,17,22,22,"
"
Azerbaijan,Ukraine,6,5,5,7,6,6,1,2,10
Azerbaijan,Belarus,3,2,3,4,1,2,5,4,7
Azerbaijan,Iceland,19,18,17,19,19,18,18,21,"
"
Azerbaijan,Norway,20,21,20,20,18,20,19,24,"
"
Azerbaijan,Romania,5,6,2,2,3,4,9,5,6
Azerbaijan,Armenia,25,25,25,25,25,25,25,25,"
"
Azerbaijan,Montenegro,9,11,10,9,10,10,22,18,"
"
Azerbaijan,Poland,10,10,12,11,12,11,12,9,2
Azerbaijan,Greece,4,4,6,5,7,5,11,7,4
Azerbaijan,Austria,24,24,23,24,23,24,3,10,1
Azerbaijan,Germany,23,22,22,21,22,22,17,23,"
"
Azerbaijan,Sweden,22,23,24,23,24,23,7,13,"
"
Azerbaijan,France,15,12,15,13,14,14,24,22,"
"
Azerbaijan,Russia,1,3,1,1,2,1,2,1,12
Azerbaijan,Italy,8,7,9,6,5,7,23,16,"
"
Azerbaijan,Slovenia,11,8,8,10,8,9,21,15,"
"
Azerbaijan,Finland,14,15,14,15,16,15,20,20,"
"
Azerbaijan,Spain,12,13,11,14,11,12,15,12,"
"
Azerbaijan,Switzerland,21,20,21,22,21,21,6,11,"
"
Azerbaijan,Hungary,2,1,4,3,4,3,4,3,8
Azerbaijan,Malta,7,9,7,8,9,8,8,6,5
Azerbaijan,Denmark,17,16,18,17,17,17,16,19,"
"
Azerbaijan,The Netherlands,18,19,19,18,20,19,13,17,"
"
Azerbaijan,San Marino,13,14,13,12,13,13,10,8,3
Azerbaijan,United Kingdom,16,17,16,16,15,16,14,14,"
"
Belarus,Ukraine,4,1,5,4,5,4,3,3,8
Belarus,Azerbaijan,3,4,4,3,2,3,19,8,3
Belarus,Iceland,20,14,16,18,17,17,17,17,"
"
Belarus,Norway,7,12,12,13,9,11,9,7,4
Belarus,Romania,11,10,8,9,12,10,14,10,1
Belarus,Armenia,6,5,6,5,4,5,2,2,10
Belarus,Montenegro,18,23,21,19,23,21,23,25,"
"
Belarus,Poland,5,9,2,10,13,8,5,4,7
Belarus,Greece,8,6,7,8,6,6,8,5,6
Belarus,Austria,24,25,20,23,22,23,4,14,"
"
Belarus,Germany,14,13,10,12,8,12,15,15,"
"
Belarus,Sweden,23,20,18,22,20,20,6,12,"
"
Belarus,France,16,19,17,17,18,18,22,24,"
"
Belarus,Russia,1,2,3,1,1,1,1,1,12
Belarus,Italy,13,16,15,14,11,14,25,22,"
"
Belarus,Slovenia,22,24,23,25,24,25,12,21,"
"
Belarus,Finland,17,17,22,21,19,19,13,16,"
"
Belarus,Spain,15,18,19,15,16,16,20,20,"
"
Belarus,Switzerland,19,15,14,16,14,15,10,11,"
"
Belarus,Hungary,10,8,11,7,10,9,7,6,5
Belarus,Malta,2,3,1,2,3,2,24,13,"
"
Belarus,Denmark,12,11,13,11,15,13,21,18,"
"
Belarus,The Netherlands,9,7,9,6,7,7,16,9,2
Belarus,San Marino,25,21,24,20,25,24,11,19,"
"
Belarus,United Kingdom,21,22,25,24,21,22,18,23,"
"
Belgium,Ukraine,1,11,7,5,6,5,13,7,4
Belgium,Belarus,19,17,26,9,17,17,23,22,"
"
Belgium,Azerbaijan,18,16,22,11,8,16,26,24,"
"
Belgium,Iceland,26,12,6,6,5,11,16,13,"
"
Belgium,Norway,16,18,20,17,20,18,10,14,"
"
Belgium,Romania,8,7,17,18,16,13,5,6,5
Belgium,Armenia,21,26,25,24,19,25,1,11,"
"
Belgium,Montenegro,20,19,18,15,22,19,24,25,"
"
Belgium,Poland,25,25,24,25,26,26,4,16,"
"
Belgium,Greece,24,20,15,22,25,23,7,17,"
"
Belgium,Austria,7,6,1,7,1,3,3,1,12
Belgium,Germany,17,15,13,19,10,15,20,19,"
"
Belgium,Sweden,3,2,10,2,2,1,6,2,10
Belgium,France,23,24,23,20,9,21,21,23,"
"
Belgium,Russia,9,14,14,12,15,12,15,12,"
"
Belgium,Italy,22,21,19,21,21,22,18,21,"
"
Belgium,Slovenia,14,13,12,10,18,14,25,20,"
"
Belgium,Finland,5,8,8,3,3,4,14,8,3
Belgium,Spain,13,3,9,14,12,10,9,9,2
Belgium,Switzerland,11,23,16,23,23,20,12,18,"
"
Belgium,Hungary,2,9,3,1,7,2,8,4,7
Belgium,Malta,12,5,2,16,11,9,19,15,"
"
Belgium,Denmark,6,10,4,8,4,6,11,5,6
Belgium,The Netherlands,10,4,5,13,13,8,2,3,8
Belgium,San Marino,15,22,21,26,24,24,22,26,"
"
Belgium,United Kingdom,4,1,11,4,14,7,17,10,1
Denmark,Ukraine,14,12,4,17,7,9,15,10,1
Denmark,Belarus,20,21,18,24,12,21,17,21,"
"
Denmark,Azerbaijan,8,8,17,6,19,10,24,19,"
"
Denmark,Iceland,10,10,24,11,4,11,4,6,5
Denmark,Norway,2,6,9,12,9,6,7,5,6
Denmark,Romania,17,19,14,8,15,14,19,18,"
"
Denmark,Armenia,13,5,7,4,20,8,14,9,2
Denmark,Montenegro,25,17,19,19,14,20,23,23,"
"
Denmark,Poland,15,7,22,15,25,18,10,15,"
"
Denmark,Greece,11,23,16,9,22,16,11,13,"
"
Denmark,Austria,4,1,2,2,2,2,3,3,8
Denmark,Germany,22,16,8,10,11,13,13,12,"
"
Denmark,Sweden,1,2,1,1,1,1,2,1,12
Denmark,France,9,22,12,18,21,17,18,20,"
"
Denmark,Russia,6,3,5,7,6,4,21,11,"
"
Denmark,Italy,21,25,25,22,18,25,25,25,"
"
Denmark,Slovenia,16,24,15,23,23,23,20,22,"
"
Denmark,Finland,7,13,6,16,5,7,8,7,4
Denmark,Spain,18,18,20,13,17,19,12,16,"
"
Denmark,Switzerland,23,15,21,25,16,22,6,14,"
"
Denmark,Hungary,12,20,10,14,8,12,9,8,3
Denmark,Malta,19,14,11,20,13,15,16,17,"
"
Denmark,The Netherlands,3,4,3,3,10,3,1,2,10
Denmark,San Marino,24,9,23,21,24,24,22,24,"
"
Denmark,United Kingdom,5,11,13,5,3,5,5,4,7
Estonia,Ukraine,3,4,12,3,12,4,5,3,8
Estonia,Belarus,23,25,26,23,20,25,10,19,"
"
Estonia,Azerbaijan,8,5,11,11,4,6,25,15,"
"
Estonia,Iceland,19,20,19,24,15,23,13,20,"
"
Estonia,Norway,6,6,4,15,5,5,11,8,3
Estonia,Romania,5,9,21,4,18,11,22,17,"
"
Estonia,Armenia,11,7,7,12,8,7,7,6,5
Estonia,Montenegro,21,8,10,14,17,13,26,22,"
"
Estonia,Poland,25,26,23,25,23,26,17,25,"
"
Estonia,Greece,24,19,6,21,24,22,18,23,"
"
Estonia,Austria,10,11,15,9,2,8,8,7,4
Estonia,Germany,14,23,24,8,7,15,19,18,"
"
Estonia,Sweden,2,1,2,1,1,1,3,2,10
Estonia,France,16,24,13,22,14,19,20,21,"
"
Estonia,Russia,26,14,25,26,25,24,2,10,1
Estonia,Italy,12,18,20,16,22,18,24,24,"
"
Estonia,Slovenia,22,16,18,13,21,21,23,26,"
"
Estonia,Finland,7,13,5,19,11,9,4,5,6
Estonia,Spain,18,10,9,10,9,10,14,9,2
Estonia,Switzerland,20,15,22,7,19,17,12,12,"
"
Estonia,Hungary,4,3,1,5,3,3,6,4,7
Estonia,Malta,13,17,17,6,13,12,21,16,"
"
Estonia,Denmark,15,22,8,18,10,14,16,13,"
"
Estonia,The Netherlands,1,2,3,2,6,2,1,1,12
Estonia,San Marino,17,12,14,20,26,20,9,11,"
"
Estonia,United Kingdom,9,21,16,17,16,16,15,14,"
"
F.Y.R. Macedonia,Ukraine,17,19,18,21,7,18,12,15,"
"
F.Y.R. Macedonia,Belarus,21,20,6,16,9,13,11,12,"
"
F.Y.R. Macedonia,Azerbaijan,12,22,17,9,17,16,26,23,"
"
F.Y.R. Macedonia,Iceland,22,5,24,22,22,22,21,24,"
"
F.Y.R. Macedonia,Norway,16,16,20,14,21,19,18,21,"
"
F.Y.R. Macedonia,Romania,3,4,5,15,5,3,14,7,4
F.Y.R. Macedonia,Armenia,9,7,12,2,23,10,2,3,8
F.Y.R. Macedonia,Montenegro,5,18,1,5,2,2,1,1,12
F.Y.R. Macedonia,Poland,14,26,9,17,4,12,3,6,5
F.Y.R. Macedonia,Greece,20,21,25,6,24,24,17,22,"
"
F.Y.R. Macedonia,Austria,18,25,16,4,11,14,5,8,3
F.Y.R. Macedonia,Germany,19,6,23,23,10,17,19,20,"
"
F.Y.R. Macedonia,Sweden,23,13,22,12,19,21,7,13,"
"
F.Y.R. Macedonia,France,24,15,26,13,18,23,25,26,"
"
F.Y.R. Macedonia,Russia,8,3,11,11,8,5,9,5,6
F.Y.R. Macedonia,Italy,4,9,13,10,3,4,16,9,2
F.Y.R. Macedonia,Slovenia,10,8,14,24,20,15,6,10,1
F.Y.R. Macedonia,Finland,15,1,10,25,12,11,20,16,"
"
F.Y.R. Macedonia,Spain,13,14,2,18,6,9,13,11,"
"
F.Y.R. Macedonia,Switzerland,26,24,7,26,26,26,4,14,"
"
F.Y.R. Macedonia,Hungary,1,2,4,1,1,1,10,2,10
F.Y.R. Macedonia,Malta,6,17,3,8,13,7,24,18,"
"
F.Y.R. Macedonia,Denmark,7,12,15,3,14,8,23,17,"
"
F.Y.R. Macedonia,The Netherlands,2,10,8,7,15,6,8,4,7
F.Y.R. Macedonia,San Marino,25,11,21,20,25,25,22,25,"
"
F.Y.R. Macedonia,United Kingdom,11,23,19,19,16,20,15,19,"
"
Finland,Ukraine,20,12,20,22,14,18,7,9,2
Finland,Belarus,12,18,23,16,19,19,15,19,"
"
Finland,Azerbaijan,10,2,11,11,13,8,24,16,"
"
Finland,Iceland,19,10,7,6,18,14,12,12,"
"
Finland,Norway,2,6,12,12,10,6,4,4,7
Finland,Romania,13,14,19,23,7,16,21,21,"
"
Finland,Armenia,9,20,16,5,5,12,6,7,4
Finland,Montenegro,21,21,21,25,25,25,25,25,"
"
Finland,Poland,25,25,24,17,20,24,11,20,"
"
Finland,Greece,23,17,25,15,17,21,13,18,"
"
Finland,Austria,1,1,1,1,1,1,1,1,12
Finland,Germany,8,11,9,19,23,15,23,22,"
"
Finland,Sweden,4,9,3,7,3,2,2,2,10
Finland,France,7,7,13,13,12,11,14,10,1
Finland,Russia,24,24,15,20,22,22,8,15,"
"
Finland,Italy,6,3,10,21,16,13,20,17,"
"
Finland,Slovenia,18,22,22,18,15,20,19,23,"
"
Finland,Spain,17,19,2,9,2,9,16,11,"
"
Finland,Switzerland,15,15,14,14,21,17,10,13,"
"
Finland,Hungary,14,13,4,10,8,10,5,6,5
Finland,Malta,3,5,6,8,9,3,17,8,3
Finland,Denmark,11,4,18,2,6,5,9,5,6
Finland,The Netherlands,5,8,8,3,11,4,3,3,8
Finland,San Marino,22,23,17,24,24,23,18,24,"
"
Finland,United Kingdom,16,16,5,4,4,7,22,14,"
"
France,Ukraine,22,22,23,22,19,24,8,19,"
"
France,Belarus,14,23,18,23,20,20,24,25,"
"
France,Azerbaijan,24,6,8,5,14,9,22,18,"
"
France,Iceland,6,5,4,7,2,3,13,4,7
France,Norway,9,7,7,6,21,8,14,9,2
France,Romania,19,19,24,25,16,22,4,13,"
"
France,Armenia,5,4,2,1,7,1,1,1,12
France,Montenegro,13,13,13,15,5,11,21,20,"
"
France,Poland,23,15,11,12,6,15,3,6,5
France,Greece,10,25,20,20,8,19,12,17,"
"
France,Austria,2,3,1,2,17,4,2,2,10
France,Germany,21,24,21,17,23,23,19,22,"
"
France,Sweden,4,14,12,14,18,13,6,7,4
France,Russia,25,11,25,24,24,25,15,21,"
"
France,Italy,18,9,15,9,13,14,10,10,1
France,Slovenia,20,21,16,13,12,18,25,23,"
"
France,Finland,7,12,10,10,10,7,18,12,"
"
France,Spain,17,16,9,8,9,10,7,5,6
France,Switzerland,12,17,19,16,11,16,9,11,"
"
France,Hungary,8,20,17,19,15,17,11,15,"
"
France,Malta,11,8,6,4,3,6,20,14,"
"
France,Denmark,1,1,3,3,22,5,16,8,3
France,The Netherlands,3,2,5,11,1,2,5,3,8
France,San Marino,15,18,22,21,25,21,23,24,"
"
France,United Kingdom,16,10,14,18,4,12,17,16,"
"
Georgia,Ukraine,1,1,1,1,1,"
",5,5,6
Georgia,Belarus,4,4,4,4,4,"
",11,11,"
"
Georgia,Azerbaijan,2,2,2,2,2,"
",4,4,7
Georgia,Iceland,19,20,24,24,20,"
",19,19,"
"
Georgia,Norway,16,15,25,23,12,"
",20,20,"
"
Georgia,Romania,9,11,9,14,10,"
",15,15,"
"
Georgia,Armenia,3,3,3,3,3,"
",1,1,12
Georgia,Montenegro,5,5,5,5,5,"
",25,25,"
"
Georgia,Poland,13,12,11,11,21,"
",12,12,"
"
Georgia,Greece,15,13,20,16,23,"
",7,7,4
Georgia,Austria,8,8,8,8,8,"
",2,2,10
Georgia,Germany,18,14,21,12,16,"
",6,6,5
Georgia,Sweden,11,9,14,15,9,"
",9,9,2
Georgia,France,26,16,22,25,19,"
",17,17,"
"
Georgia,Russia,20,17,17,17,22,"
",3,3,8
Georgia,Italy,7,7,7,7,7,"
",18,18,"
"
Georgia,Slovenia,17,18,23,18,26,"
",26,26,"
"
Georgia,Finland,10,19,10,9,24,"
",21,21,"
"
Georgia,Spain,12,10,13,20,11,"
",16,16,"
"
Georgia,Switzerland,21,25,12,26,25,"
",10,10,1
Georgia,Hungary,25,26,19,19,14,"
",23,23,"
"
Georgia,Malta,14,22,16,22,13,"
",22,22,"
"
Georgia,Denmark,22,21,26,13,15,"
",24,24,"
"
Georgia,The Netherlands,24,23,15,10,17,"
",13,13,"
"
Georgia,San Marino,23,24,18,21,18,"
",14,14,"
"
Georgia,United Kingdom,6,6,6,6,6,"
",8,8,3
Germany,Ukraine,20,20,18,14,16,18,14,16,"
"
Germany,Belarus,24,23,19,20,25,23,21,22,"
"
Germany,Azerbaijan,10,17,9,15,4,9,25,20,"
"
Germany,Iceland,19,9,15,16,18,14,8,9,2
Germany,Norway,4,6,6,3,10,5,9,6,5
Germany,Romania,12,14,16,21,22,16,17,18,"
"
Germany,Armenia,5,7,8,4,9,6,6,5,6
Germany,Montenegro,23,22,21,22,24,24,24,25,"
"
Germany,Poland,6,4,4,5,3,4,3,2,10
Germany,Greece,16,21,20,24,19,22,4,14,"
"
Germany,Austria,9,13,11,13,12,11,1,4,7
Germany,Sweden,11,8,5,6,6,7,16,11,"
"
Germany,France,21,10,17,25,20,20,20,21,"
"
Germany,Russia,17,16,23,12,21,19,5,12,"
"
Germany,Italy,22,18,10,17,11,15,18,19,"
"
Germany,Slovenia,15,24,22,23,14,21,23,23,"
"
Germany,Finland,3,2,3,7,5,3,12,7,4
Germany,Spain,7,19,14,10,8,10,13,10,1
Germany,Switzerland,18,5,12,11,13,12,7,8,3
Germany,Hungary,14,12,24,19,17,17,15,17,"
"
Germany,Malta,13,11,13,9,15,13,11,13,"
"
Germany,Denmark,1,1,1,1,1,1,10,3,8
Germany,The Netherlands,2,3,2,2,2,2,2,1,12
Germany,San Marino,25,25,25,18,23,25,22,24,"
"
Germany,United Kingdom,8,15,7,8,7,8,19,15,"
"
Greece,Ukraine,16,3,5,4,5,5,10,6,5
Greece,Belarus,7,16,8,10,8,10,12,11,"
"
Greece,Azerbaijan,13,9,6,6,9,6,25,17,"
"
Greece,Iceland,4,10,7,14,22,11,20,15,"
"
Greece,Norway,9,6,3,2,1,4,14,8,3
Greece,Romania,21,14,18,24,13,18,9,13,"
"
Greece,Armenia,17,13,15,8,6,12,1,4,7
Greece,Montenegro,14,23,24,13,24,21,21,24,"
"
Greece,Poland,25,15,23,15,7,17,5,10,1
Greece,Austria,1,2,4,5,3,1,2,1,12
Greece,Germany,11,19,20,12,18,16,24,22,"
"
Greece,Sweden,19,8,16,17,10,14,6,9,2
Greece,France,22,17,19,16,19,20,19,21,"
"
Greece,Russia,10,5,2,1,2,3,3,2,10
Greece,Italy,23,25,22,22,21,25,17,23,"
"
Greece,Slovenia,20,24,17,23,15,22,23,25,"
"
Greece,Finland,2,7,9,11,16,7,16,12,"
"
Greece,Spain,24,20,21,18,23,23,11,18,"
"
Greece,Switzerland,6,12,13,19,14,13,4,7,4
Greece,Hungary,5,1,11,20,11,8,7,5,6
Greece,Malta,8,11,10,7,12,9,22,16,"
"
Greece,Denmark,15,22,12,25,17,19,18,19,"
"
Greece,The Netherlands,3,4,1,3,4,2,8,3,8
Greece,San Marino,18,21,25,21,25,24,15,20,"
"
Greece,United Kingdom,12,18,14,9,20,15,13,14,"
"
Hungary,Ukraine,17,8,8,17,7,10,12,9,2
Hungary,Belarus,18,19,12,20,9,18,11,15,"
"
Hungary,Azerbaijan,2,6,10,5,1,2,25,12,"
"
Hungary,Iceland,13,20,1,18,8,11,8,6,5
Hungary,Norway,12,24,24,11,12,21,9,18,"
"
Hungary,Romania,19,7,21,12,19,17,15,21,"
"
Hungary,Armenia,5,12,15,3,17,9,5,4,7
Hungary,Montenegro,20,3,4,6,10,5,24,17,"
"
Hungary,Poland,9,13,22,8,22,15,7,8,3
Hungary,Greece,25,14,25,25,25,25,18,23,"
"
Hungary,Austria,8,9,5,16,11,8,2,2,10
Hungary,Germany,16,15,20,15,15,19,10,14,"
"
Hungary,Sweden,11,10,7,4,13,6,6,3,8
Hungary,France,22,21,23,24,23,24,22,25,"
"
Hungary,Russia,15,16,11,21,14,16,13,16,"
"
Hungary,Italy,14,22,14,23,18,22,23,24,"
"
Hungary,Slovenia,21,11,13,10,6,13,17,19,"
"
Hungary,Finland,1,23,6,9,24,14,1,5,6
Hungary,Spain,7,4,9,14,4,4,20,11,"
"
Hungary,Switzerland,4,17,19,22,20,20,4,10,1
Hungary,Malta,3,5,18,13,21,12,19,20,"
"
Hungary,Denmark,23,25,16,19,16,23,14,22,"
"
Hungary,The Netherlands,6,1,3,1,5,1,3,1,12
Hungary,San Marino,24,2,2,7,3,3,16,7,4
Hungary,United Kingdom,10,18,17,2,2,7,21,13,"
"
Iceland,Ukraine,21,12,18,8,7,12,15,11,"
"
Iceland,Belarus,12,19,19,21,20,19,17,22,"
"
Iceland,Azerbaijan,3,7,6,7,5,6,25,15,"
"
Iceland,Norway,15,17,12,13,22,16,9,10,1
Iceland,Romania,7,10,20,19,17,14,16,14,"
"
Iceland,Armenia,17,14,24,18,18,18,7,9,2
Iceland,Montenegro,8,16,15,20,19,15,23,24,"
"
Iceland,Poland,24,24,23,15,16,23,2,8,3
Iceland,Greece,13,23,21,25,14,21,11,16,"
"
Iceland,Austria,2,2,1,5,4,2,3,2,10
Iceland,Germany,16,20,17,16,15,17,13,13,"
"
Iceland,Sweden,4,4,4,3,2,4,4,4,7
Iceland,France,23,25,25,22,25,25,10,20,"
"
Iceland,Russia,22,11,11,11,13,13,19,17,"
"
Iceland,Italy,20,21,13,24,24,22,24,25,"
"
Iceland,Slovenia,10,8,9,14,12,10,22,19,"
"
Iceland,Finland,9,13,7,12,11,7,8,6,5
Iceland,Spain,18,15,22,17,21,20,18,23,"
"
Iceland,Switzerland,25,22,16,23,23,24,12,21,"
"
Iceland,Hungary,5,5,5,4,9,5,6,5,6
Iceland,Malta,14,6,14,10,8,8,20,12,"
"
Iceland,Denmark,1,1,2,1,1,1,5,3,8
Iceland,The Netherlands,6,3,3,2,3,3,1,1,12
Iceland,San Marino,19,9,10,9,6,11,21,18,"
"
Iceland,United Kingdom,11,18,8,6,10,9,14,7,4
Ireland,Ukraine,19,11,19,23,22,24,15,21,"
"
Ireland,Belarus,24,6,23,11,7,13,16,16,"
"
Ireland,Azerbaijan,11,8,20,12,21,14,26,22,"
"
Ireland,Iceland,20,9,14,26,24,23,14,19,"
"
Ireland,Norway,5,2,4,4,1,2,11,4,7
Ireland,Romania,8,25,24,1,23,18,5,9,2
Ireland,Armenia,9,5,5,3,8,4,19,11,"
"
Ireland,Montenegro,23,24,21,13,12,22,25,26,"
"
Ireland,Poland,26,26,22,22,26,26,1,15,"
"
Ireland,Greece,7,23,6,7,9,7,17,12,"
"
Ireland,Austria,3,3,1,2,3,1,3,1,12
Ireland,Germany,18,18,12,14,13,16,20,18,"
"
Ireland,Sweden,1,12,8,25,20,10,6,7,4
Ireland,France,25,19,25,17,11,25,21,25,"
"
Ireland,Russia,6,20,17,24,19,20,18,20,"
"
Ireland,Italy,21,14,13,21,14,19,24,24,"
"
Ireland,Slovenia,12,7,18,19,15,12,23,17,"
"
Ireland,Finland,22,21,10,6,16,15,10,13,"
"
Ireland,Spain,2,22,11,5,6,6,8,5,6
Ireland,Switzerland,14,15,9,16,4,8,7,6,5
Ireland,Hungary,17,4,15,9,25,11,12,10,1
Ireland,Malta,13,16,2,8,5,5,13,8,3
Ireland,Denmark,15,17,16,18,10,17,9,14,"
"
Ireland,The Netherlands,4,1,3,10,2,3,2,2,10
Ireland,San Marino,16,10,26,20,17,21,22,23,"
"
Ireland,United Kingdom,10,13,7,15,18,9,4,3,8
Israel,Ukraine,5,8,10,16,10,7,5,6,5
Israel,Belarus,13,23,11,20,11,17,7,10,1
Israel,Azerbaijan,7,16,13,14,14,10,16,11,"
"
Israel,Iceland,23,18,25,19,21,24,26,26,"
"
Israel,Norway,22,9,23,15,15,20,20,22,"
"
Israel,Romania,6,10,4,21,4,6,4,3,8
Israel,Armenia,14,11,15,18,7,11,1,5,6
Israel,Montenegro,9,13,14,9,17,9,25,19,"
"
Israel,Poland,19,5,20,11,26,18,12,15,"
"
Israel,Greece,17,6,8,5,8,5,14,9,2
Israel,Austria,2,2,3,1,1,1,2,1,12
Israel,Germany,24,26,12,25,22,25,24,25,"
"
Israel,Sweden,1,4,1,2,3,2,6,2,10
Israel,France,25,7,24,24,24,21,19,21,"
"
Israel,Russia,8,24,2,23,9,14,3,8,3
Israel,Italy,12,20,16,12,12,16,22,20,"
"
Israel,Slovenia,11,19,9,13,13,12,21,18,"
"
Israel,Finland,10,12,22,4,6,8,18,12,"
"
Israel,Spain,3,14,5,3,2,4,11,7,4
Israel,Switzerland,21,21,17,22,23,22,9,17,"
"
Israel,Hungary,4,1,6,7,5,3,8,4,7
Israel,Malta,20,22,26,17,20,23,23,24,"
"
Israel,Denmark,16,15,7,8,19,13,17,16,"
"
Israel,The Netherlands,18,17,21,10,16,19,10,14,"
"
Israel,San Marino,26,25,19,26,18,26,15,23,"
"
Israel,United Kingdom,15,3,18,6,25,15,13,13,"
"
Italy,Ukraine,8,6,5,5,3,4,4,2,10
Italy,Belarus,13,21,15,13,19,19,20,23,"
"
Italy,Azerbaijan,14,20,16,12,17,18,25,24,"
"
Italy,Iceland,4,2,2,4,2,2,10,4,7
Italy,Norway,20,12,10,16,14,12,19,16,"
"
Italy,Romania,22,25,8,14,4,13,1,6,5
Italy,Armenia,19,19,24,24,18,24,7,14,"
"
Italy,Montenegro,11,10,18,10,25,14,21,20,"
"
Italy,Poland,9,4,21,9,1,6,3,3,8
Italy,Greece,18,13,14,7,13,11,8,8,3
Italy,Austria,2,3,3,3,6,3,2,1,12
Italy,Germany,17,16,12,6,12,10,22,17,"
"
Italy,Sweden,12,14,9,23,20,17,13,12,"
"
Italy,France,25,15,23,15,24,23,24,25,"
"
Italy,Russia,10,17,20,18,23,20,11,15,"
"
Italy,Slovenia,7,7,4,19,9,7,18,11,"
"
Italy,Finland,1,1,1,2,5,1,12,5,6
Italy,Spain,15,22,19,21,16,21,15,21,"
"
Italy,Switzerland,24,11,17,11,11,15,5,9,2
Italy,Hungary,5,18,11,20,21,16,17,19,"
"
Italy,Malta,23,5,7,8,8,8,14,10,1
Italy,Denmark,3,8,22,17,7,9,23,18,"
"
Italy,The Netherlands,6,9,6,1,10,5,9,7,4
Italy,San Marino,21,23,25,25,15,25,6,13,"
"
Italy,United Kingdom,16,24,13,22,22,22,16,22,"
"
Latvia,Ukraine,8,10,21,10,12,11,3,4,7
Latvia,Belarus,21,23,18,24,21,22,4,12,"
"
Latvia,Azerbaijan,7,4,6,3,2,4,21,11,"
"
Latvia,Iceland,16,8,12,16,11,12,15,13,"
"
Latvia,Norway,4,1,11,4,6,5,11,6,5
Latvia,Romania,15,22,10,20,15,17,20,20,"
"
Latvia,Armenia,2,2,2,5,3,2,6,2,10
Latvia,Montenegro,18,11,15,9,24,16,26,23,"
"
Latvia,Poland,23,25,25,25,13,24,10,19,"
"
Latvia,Greece,26,26,20,26,26,26,17,24,"
"
Latvia,Austria,17,12,13,11,7,10,5,5,6
Latvia,Germany,13,6,16,12,10,9,19,14,"
"
Latvia,Sweden,5,7,4,1,4,3,7,3,8
Latvia,France,25,21,26,21,16,23,24,26,"
"
Latvia,Russia,22,19,22,17,23,21,1,9,2
Latvia,Italy,10,18,23,22,18,19,25,25,"
"
Latvia,Slovenia,19,20,17,13,20,18,23,22,"
"
Latvia,Finland,6,5,9,8,5,6,14,8,3
Latvia,Spain,3,15,7,7,9,7,12,7,4
Latvia,Switzerland,20,17,19,15,22,20,9,15,"
"
Latvia,Hungary,9,14,14,19,8,14,8,10,1
Latvia,Malta,11,16,3,6,14,8,22,16,"
"
Latvia,Denmark,14,13,5,14,19,15,16,17,"
"
Latvia,The Netherlands,1,3,1,2,1,1,2,1,12
Latvia,San Marino,24,24,24,23,25,25,13,21,"
"
Latvia,United Kingdom,12,9,8,18,17,13,18,18,"
"
Lithuania,Ukraine,21,16,11,9,12,15,2,6,5
Lithuania,Belarus,12,18,22,5,22,17,3,8,3
Lithuania,Azerbaijan,23,9,9,8,8,9,17,12,"
"
Lithuania,Iceland,5,10,4,11,6,5,19,11,"
"
Lithuania,Norway,11,2,2,2,1,3,7,3,8
Lithuania,Romania,24,22,26,18,25,25,21,25,"
"
Lithuania,Armenia,14,14,19,26,18,20,8,16,"
"
Lithuania,Montenegro,20,20,14,12,24,19,26,24,"
"
Lithuania,Poland,25,26,23,21,20,24,4,15,"
"
Lithuania,Greece,22,25,25,22,23,26,14,21,"
"
Lithuania,Austria,1,1,3,3,7,1,5,2,10
Lithuania,Germany,19,19,10,19,10,16,12,17,"
"
Lithuania,Sweden,4,4,12,10,5,4,9,4,7
Lithuania,France,26,24,8,24,26,23,23,26,"
"
Lithuania,Russia,7,5,20,13,13,10,6,5,6
Lithuania,Italy,17,23,21,14,21,21,24,23,"
"
Lithuania,Slovenia,13,6,18,7,15,11,22,19,"
"
Lithuania,Finland,6,11,5,16,4,7,20,14,"
"
Lithuania,Spain,16,3,15,1,11,8,11,7,4
Lithuania,Switzerland,10,12,6,15,17,12,10,9,2
Lithuania,Hungary,3,13,13,25,14,14,13,13,"
"
Lithuania,Malta,15,17,17,17,16,18,25,22,"
"
Lithuania,Denmark,8,7,16,6,3,6,18,10,1
Lithuania,The Netherlands,2,8,1,4,2,2,1,1,12
Lithuania,San Marino,18,15,24,23,19,22,15,20,"
"
Lithuania,United Kingdom,9,21,7,20,9,13,16,18,"
"
Malta,Ukraine,10,13,14,24,18,19,18,21,"
"
Malta,Belarus,4,11,18,3,2,4,16,11,"
"
Malta,Azerbaijan,6,21,2,7,5,5,24,16,"
"
Malta,Iceland,22,20,22,21,25,25,22,24,"
"
Malta,Norway,9,8,17,15,10,11,8,9,2
Malta,Romania,2,3,1,5,9,3,7,3,8
Malta,Armenia,1,2,3,6,3,1,15,5,6
Malta,Montenegro,7,6,4,16,8,6,25,17,"
"
Malta,Poland,15,9,6,25,21,18,9,14,"
"
Malta,Greece,3,10,5,20,11,8,11,10,1
Malta,Austria,14,4,13,11,16,9,1,2,10
Malta,Germany,20,24,19,17,17,21,20,23,"
"
Malta,Sweden,21,5,12,14,7,10,3,4,7
Malta,France,23,19,24,18,22,24,23,25,"
"
Malta,Russia,8,7,21,1,6,7,10,6,5
Malta,Italy,5,1,7,2,4,2,2,1,12
Malta,Slovenia,19,12,16,4,12,12,21,18,"
"
Malta,Finland,25,18,23,19,19,23,14,20,"
"
Malta,Spain,13,14,8,23,13,14,12,12,"
"
Malta,Switzerland,24,22,11,12,1,13,6,8,3
Malta,Hungary,16,15,20,22,15,20,19,22,"
"
Malta,Denmark,17,16,15,10,14,16,13,15,"
"
Malta,The Netherlands,18,23,25,13,24,22,5,13,"
"
Malta,San Marino,11,25,9,8,20,17,17,19,"
"
Malta,United Kingdom,12,17,10,9,23,15,4,7,4
Moldova,Ukraine,4,4,3,4,5,3,3,2,10
Moldova,Belarus,12,14,8,12,6,8,7,6,5
Moldova,Azerbaijan,7,5,9,7,9,7,18,13,"
"
Moldova,Iceland,24,23,26,19,24,26,25,26,"
"
Moldova,Norway,21,18,14,24,15,20,15,19,"
"
Moldova,Romania,1,1,1,1,1,1,1,1,12
Moldova,Armenia,9,21,11,25,10,15,5,8,3
Moldova,Montenegro,25,13,24,16,16,21,26,24,"
"
Moldova,Poland,10,22,17,18,4,12,8,9,2
Moldova,Greece,11,25,23,11,11,16,14,16,"
"
Moldova,Austria,3,9,4,2,3,4,4,4,7
Moldova,Germany,13,7,6,14,17,9,20,15,"
"
Moldova,Sweden,2,3,2,3,7,2,6,5,6
Moldova,France,14,26,25,26,18,25,23,25,"
"
Moldova,Russia,5,6,5,8,8,6,2,3,8
Moldova,Italy,20,24,20,23,19,24,19,21,"
"
Moldova,Slovenia,19,17,21,20,20,22,21,22,"
"
Moldova,Finland,26,16,22,21,13,23,22,23,"
"
Moldova,Spain,16,15,7,6,25,10,16,14,"
"
Moldova,Switzerland,15,8,10,13,26,13,10,11,"
"
Moldova,Hungary,6,2,12,5,2,5,12,7,4
Moldova,Malta,17,19,13,17,23,18,24,20,"
"
Moldova,Denmark,22,10,15,15,21,17,17,18,"
"
Moldova,The Netherlands,18,20,16,10,12,14,11,12,"
"
Moldova,San Marino,8,12,18,9,22,11,9,10,1
Moldova,United Kingdom,23,11,19,22,14,19,13,17,"
"
Montenegro,Ukraine,9,9,8,7,7,8,8,4,7
Montenegro,Belarus,8,8,9,10,9,9,13,10,1
Montenegro,Azerbaijan,19,18,19,17,19,19,15,19,"
"
Montenegro,Iceland,16,16,16,14,15,15,21,20,"
"
Montenegro,Norway,23,24,25,22,22,25,19,24,"
"
Montenegro,Romania,20,20,21,25,25,22,3,14,"
"
Montenegro,Armenia,1,1,1,1,2,1,10,2,10
Montenegro,Poland,6,7,7,8,8,7,11,7,4
Montenegro,Greece,10,10,10,9,10,10,16,15,"
"
Montenegro,Austria,18,19,18,19,17,17,5,9,2
Montenegro,Germany,4,3,2,2,1,2,20,11,"
"
Montenegro,Sweden,15,17,15,16,16,16,4,8,3
Montenegro,France,11,11,11,11,11,11,22,18,"
"
Montenegro,Russia,25,23,17,24,24,23,1,12,"
"
Montenegro,Italy,5,5,5,5,5,5,12,5,6
Montenegro,Slovenia,14,14,13,12,13,13,2,3,8
Montenegro,Finland,21,25,22,20,21,21,24,25,"
"
Montenegro,Spain,22,21,20,21,20,20,17,21,"
"
Montenegro,Switzerland,13,13,12,13,12,12,6,6,5
Montenegro,Hungary,2,2,3,3,3,3,7,1,12
Montenegro,Malta,3,4,4,4,4,4,25,17,"
"
Montenegro,Denmark,12,12,14,15,14,14,23,22,"
"
Montenegro,The Netherlands,17,15,24,18,18,18,9,16,"
"
Montenegro,San Marino,7,6,6,6,6,6,18,13,"
"
Montenegro,United Kingdom,24,22,23,23,23,24,14,23,"
"
Norway,Ukraine,9,21,15,17,15,16,13,15,"
"
Norway,Belarus,19,23,23,21,24,23,14,20,"
"
Norway,Azerbaijan,14,5,18,15,12,13,25,22,"
"
Norway,Iceland,7,13,22,6,8,11,6,5,6
Norway,Romania,20,4,11,11,2,10,8,7,4
Norway,Armenia,21,15,25,20,22,21,15,18,"
"
Norway,Montenegro,8,9,8,16,20,12,24,19,"
"
Norway,Poland,11,20,12,23,17,19,1,9,2
Norway,Greece,5,12,2,10,4,6,17,12,"
"
Norway,Austria,16,1,1,7,7,4,2,2,10
Norway,Germany,18,16,13,14,16,17,16,17,"
"
Norway,Sweden,6,2,4,4,5,2,4,3,8
Norway,France,15,19,9,24,14,18,20,21,"
"
Norway,Russia,24,24,17,22,23,24,19,23,"
"
Norway,Italy,25,22,21,19,21,22,23,24,"
"
Norway,Slovenia,2,7,10,13,10,7,21,13,"
"
Norway,Finland,3,14,7,5,1,3,7,4,7
Norway,Spain,10,3,5,3,11,5,12,6,5
Norway,Switzerland,22,17,20,25,18,20,9,14,"
"
Norway,Hungary,12,8,14,12,19,14,18,16,"
"
Norway,Malta,13,6,16,1,9,9,11,11,"
"
Norway,Denmark,17,18,24,8,6,15,5,10,1
Norway,The Netherlands,1,11,3,2,3,1,3,1,12
Norway,San Marino,23,25,19,18,25,25,22,25,"
"
Norway,United Kingdom,4,10,6,9,13,8,10,8,3
Poland,Ukraine,9,14,18,17,17,16,3,6,5
Poland,Belarus,17,13,13,20,18,18,8,14,"
"
Poland,Azerbaijan,8,15,21,7,7,10,23,19,"
"
Poland,Iceland,15,23,3,12,15,12,18,15,"
"
Poland,Norway,7,6,5,13,4,5,12,4,7
Poland,Romania,25,24,14,19,21,22,17,23,"
"
Poland,Armenia,18,11,23,10,12,15,7,10,1
Poland,Montenegro,19,21,19,16,23,21,25,24,"
"
Poland,Greece,6,25,25,25,25,23,9,17,"
"
Poland,Austria,24,18,7,18,16,19,4,11,"
"
Poland,Germany,5,8,17,5,5,7,5,3,8
Poland,Sweden,10,16,22,11,13,13,6,7,4
Poland,France,16,17,6,14,11,11,20,16,"
"
Poland,Russia,20,19,11,23,20,20,14,20,"
"
Poland,Italy,21,20,20,24,24,24,24,25,"
"
Poland,Slovenia,23,10,10,15,22,17,15,18,"
"
Poland,Finland,4,3,4,8,8,3,16,8,3
Poland,Spain,14,7,16,6,6,9,11,9,2
Poland,Switzerland,2,5,9,9,2,4,1,2,10
Poland,Hungary,13,4,8,4,10,6,19,13,"
"
Poland,Malta,3,2,2,2,3,2,22,12,"
"
Poland,Denmark,12,9,12,3,9,8,10,5,6
Poland,The Netherlands,1,1,1,1,1,1,2,1,12
Poland,San Marino,22,22,24,22,19,25,13,22,"
"
Poland,United Kingdom,11,12,15,21,14,14,21,21,"
"
Portugal,Ukraine,19,21,15,18,19,20,4,12,"
"
Portugal,Belarus,17,12,18,13,23,16,23,23,"
"
Portugal,Azerbaijan,13,1,7,9,6,7,26,17,"
"
Portugal,Iceland,20,11,21,16,21,19,22,24,"
"
Portugal,Norway,18,7,3,10,4,8,13,8,3
Portugal,Romania,21,24,17,23,20,22,2,10,1
Portugal,Armenia,8,5,10,2,7,5,14,7,4
Portugal,Montenegro,14,13,12,8,3,10,18,14,"
"
Portugal,Poland,24,23,25,17,26,23,16,22,"
"
Portugal,Greece,23,25,19,26,25,24,19,25,"
"
Portugal,Austria,9,4,20,1,1,6,1,1,12
Portugal,Germany,12,14,8,7,10,11,20,15,"
"
Portugal,Sweden,1,10,6,6,5,3,6,3,8
Portugal,France,26,22,24,25,24,26,24,26,"
"
Portugal,Russia,6,18,16,19,16,15,7,9,2
Portugal,Italy,25,9,13,21,17,18,17,20,"
"
Portugal,Slovenia,11,15,14,12,9,12,25,21,"
"
Portugal,Finland,15,20,23,15,12,17,15,16,"
"
Portugal,Spain,16,19,22,20,15,21,3,11,"
"
Portugal,Switzerland,4,6,4,5,11,4,8,4,7
Portugal,Hungary,3,3,2,3,2,1,12,5,6
Portugal,Malta,7,16,11,11,18,13,21,18,"
"
Portugal,Denmark,5,8,9,14,13,9,9,6,5
Portugal,The Netherlands,2,2,1,4,8,2,5,2,10
Portugal,San Marino,22,26,26,24,22,25,10,19,"
"
Portugal,United Kingdom,10,17,5,22,14,14,11,13,"
"
Romania,Ukraine,11,13,13,13,8,14,10,11,"
"
Romania,Belarus,10,10,14,6,9,10,15,13,"
"
Romania,Azerbaijan,17,19,11,19,16,18,25,22,"
"
Romania,Iceland,7,25,23,25,22,21,23,24,"
"
Romania,Norway,23,9,3,7,5,9,9,10,1
Romania,Armenia,20,5,10,3,4,6,4,4,7
Romania,Montenegro,19,11,18,21,20,19,22,21,"
"
Romania,Poland,22,23,19,23,23,23,21,23,"
"
Romania,Greece,8,22,20,20,24,20,5,12,"
"
Romania,Austria,14,7,9,5,7,7,2,3,8
Romania,Germany,5,6,1,15,6,3,11,9,2
Romania,Sweden,16,1,4,4,2,2,6,1,12
Romania,France,25,24,22,24,21,25,24,25,"
"
Romania,Russia,24,21,25,16,25,24,16,20,"
"
Romania,Italy,6,16,21,14,13,15,19,17,"
"
Romania,Slovenia,4,15,12,9,15,13,13,14,"
"
Romania,Finland,9,12,7,12,12,12,18,16,"
"
Romania,Spain,15,3,8,2,14,5,8,6,5
Romania,Switzerland,1,18,2,8,11,4,7,5,6
Romania,Hungary,13,4,15,11,1,8,1,2,10
Romania,Malta,12,14,16,17,19,17,20,18,"
"
Romania,Denmark,3,2,5,1,3,1,12,7,4
Romania,The Netherlands,18,8,6,10,10,11,3,8,3
Romania,San Marino,21,20,24,22,18,22,17,19,"
"
Romania,United Kingdom,2,17,17,18,17,16,14,15,"
"
Russia,Ukraine,9,5,7,8,2,6,4,4,7
Russia,Belarus,2,1,3,2,1,1,2,1,12
Russia,Azerbaijan,1,7,1,1,3,2,5,2,10
Russia,Iceland,13,17,16,16,18,13,11,10,1
Russia,Norway,10,18,12,3,12,10,15,11,"
"
Russia,Romania,19,19,24,18,20,22,21,23,"
"
Russia,Armenia,6,9,10,10,5,8,1,3,8
Russia,Montenegro,24,11,19,12,16,15,20,19,"
"
Russia,Poland,16,25,23,19,19,24,13,20,"
"
Russia,Greece,3,2,6,5,7,3,12,7,4
Russia,Austria,7,10,9,21,9,11,3,6,5
Russia,Germany,21,12,20,25,23,23,14,21,"
"
Russia,Sweden,14,24,11,22,13,17,6,9,2
Russia,France,18,21,22,13,24,21,23,24,"
"
Russia,Italy,23,22,25,20,25,25,25,25,"
"
Russia,Slovenia,15,14,18,14,22,16,17,17,"
"
Russia,Finland,22,20,14,11,14,14,16,16,"
"
Russia,Spain,17,23,21,15,17,19,18,22,"
"
Russia,Switzerland,20,15,17,24,21,20,7,12,"
"
Russia,Hungary,4,4,5,6,8,5,8,5,6
Russia,Malta,5,3,4,7,4,4,24,15,"
"
Russia,Denmark,11,16,2,17,10,12,22,18,"
"
Russia,The Netherlands,8,6,8,9,6,7,10,8,3
Russia,San Marino,25,13,15,23,11,18,9,13,"
"
Russia,United Kingdom,12,8,13,4,15,9,19,14,"
"
San Marino,Ukraine,10,20,16,14,4,13,"
",13,"
"
San Marino,Belarus,21,21,10,21,25,22,"
",22,"
"
San Marino,Azerbaijan,3,3,1,7,3,1,"
",1,12
San Marino,Iceland,2,6,9,5,2,3,"
",3,8
San Marino,Norway,19,14,8,13,7,12,"
",12,"
"
San Marino,Romania,24,25,23,24,23,25,"
",25,"
"
San Marino,Armenia,9,1,15,4,1,5,"
",5,6
San Marino,Montenegro,8,13,19,18,18,18,"
",18,"
"
San Marino,Poland,25,23,24,25,6,23,"
",23,"
"
San Marino,Greece,23,16,25,23,9,21,"
",21,"
"
San Marino,Austria,5,22,13,3,24,14,"
",14,"
"
San Marino,Germany,12,5,14,9,20,11,"
",11,"
"
San Marino,Sweden,1,4,6,1,10,2,"
",2,10
San Marino,France,11,15,21,20,15,19,"
",19,"
"
San Marino,Russia,22,24,20,22,22,24,"
",24,"
"
San Marino,Italy,20,10,17,17,12,17,"
",17,"
"
San Marino,Slovenia,15,18,22,19,17,20,"
",20,"
"
San Marino,Finland,17,17,5,8,5,8,"
",8,3
San Marino,Spain,18,12,12,16,16,16,"
",16,"
"
San Marino,Switzerland,16,9,18,11,19,15,"
",15,"
"
San Marino,Hungary,6,2,7,6,8,4,"
",4,7
San Marino,Malta,14,11,2,10,11,7,"
",7,4
San Marino,Denmark,4,19,3,12,21,10,"
",10,1
San Marino,The Netherlands,13,7,4,15,13,9,"
",9,2
San Marino,United Kingdom,7,8,11,2,14,6,"
",6,5
Slovenia,Ukraine,12,22,15,14,9,14,19,20,"
"
Slovenia,Belarus,10,14,13,19,20,17,12,14,"
"
Slovenia,Azerbaijan,11,2,3,3,18,5,25,16,"
"
Slovenia,Iceland,3,6,6,4,4,2,24,12,"
"
Slovenia,Norway,18,5,2,5,5,4,13,6,5
Slovenia,Romania,21,17,12,24,25,23,8,17,"
"
Slovenia,Armenia,24,12,21,16,24,22,20,24,"
"
Slovenia,Montenegro,23,3,10,17,10,12,3,4,7
Slovenia,Poland,9,7,4,15,19,10,14,10,1
Slovenia,Greece,8,25,23,25,23,24,10,21,"
"
Slovenia,Austria,1,1,1,1,1,1,1,1,12
Slovenia,Germany,6,11,8,11,2,6,16,9,2
Slovenia,Sweden,13,15,9,9,6,9,5,3,8
Slovenia,France,5,23,14,21,8,13,23,22,"
"
Slovenia,Russia,20,13,20,10,22,18,15,18,"
"
Slovenia,Italy,14,24,19,18,11,19,6,11,"
"
Slovenia,Finland,22,10,16,13,13,15,18,19,"
"
Slovenia,Spain,4,19,11,12,3,7,11,7,4
Slovenia,Switzerland,19,8,22,6,21,16,4,8,3
Slovenia,Hungary,17,20,24,20,14,21,9,15,"
"
Slovenia,Malta,16,9,7,8,15,11,17,13,"
"
Slovenia,Denmark,2,16,18,7,7,8,7,5,6
Slovenia,The Netherlands,7,4,5,2,12,3,2,2,10
Slovenia,San Marino,25,21,25,22,16,25,22,25,"
"
Slovenia,United Kingdom,15,18,17,23,17,20,21,23,"
"
Spain,Ukraine,11,11,10,7,2,5,8,5,6
Spain,Belarus,16,24,23,20,18,24,22,25,"
"
Spain,Azerbaijan,21,19,16,23,10,19,24,23,"
"
Spain,Iceland,10,5,11,15,7,9,11,10,1
Spain,Norway,4,4,3,21,11,7,19,13,"
"
Spain,Romania,7,13,9,1,16,8,1,3,8
Spain,Armenia,12,10,14,17,12,13,4,7,4
Spain,Montenegro,6,15,6,8,17,11,23,18,"
"
Spain,Poland,15,12,15,24,9,15,6,11,"
"
Spain,Greece,17,14,13,22,20,17,13,14,"
"
Spain,Austria,3,1,2,5,6,2,2,1,12
Spain,Germany,14,22,18,16,22,21,18,21,"
"
Spain,Sweden,1,2,1,2,1,1,5,2,10
Spain,France,25,3,25,19,15,18,14,16,"
"
Spain,Russia,22,21,17,18,23,23,10,17,"
"
Spain,Italy,24,23,19,6,19,20,16,19,"
"
Spain,Slovenia,20,18,21,9,3,14,25,22,"
"
Spain,Finland,19,17,20,13,13,16,20,20,"
"
Spain,Switzerland,18,20,22,14,24,22,9,15,"
"
Spain,Hungary,5,9,12,10,4,4,15,9,2
Spain,Malta,13,6,4,11,8,6,17,12,"
"
Spain,Denmark,8,7,5,12,21,12,7,8,3
Spain,The Netherlands,9,16,7,4,14,10,3,4,7
Spain,San Marino,23,25,24,25,25,25,21,24,"
"
Spain,United Kingdom,2,8,8,3,5,3,12,6,5
Sweden,Ukraine,11,16,11,18,17,13,11,12,"
"
Sweden,Belarus,16,19,21,21,18,22,22,23,"
"
Sweden,Azerbaijan,24,10,17,20,16,20,25,24,"
"
Sweden,Iceland,6,6,13,6,15,8,7,7,4
Sweden,Norway,17,8,5,2,6,5,10,8,3
Sweden,Romania,18,12,24,12,14,16,12,14,"
"
Sweden,Armenia,20,9,9,10,5,9,6,6,5
Sweden,Montenegro,14,13,18,23,22,21,21,20,"
"
Sweden,Poland,4,25,22,22,7,17,3,9,2
Sweden,Greece,9,23,16,14,11,12,13,13,"
"
Sweden,Austria,2,2,2,4,1,1,1,1,12
Sweden,Germany,3,20,12,7,13,10,19,16,"
"
Sweden,France,7,5,8,17,8,7,14,10,1
Sweden,Russia,13,7,19,15,24,14,16,17,"
"
Sweden,Italy,15,24,7,19,21,19,24,21,"
"
Sweden,Slovenia,10,18,23,25,19,23,23,25,"
"
Sweden,Finland,12,17,3,3,10,6,5,5,6
Sweden,Spain,19,14,15,13,23,18,18,18,"
"
Sweden,Switzerland,21,21,20,24,25,25,15,19,"
"
Sweden,Hungary,1,3,1,5,3,2,8,4,7
Sweden,Malta,25,11,14,16,12,15,9,11,"
"
Sweden,Denmark,8,4,10,8,2,4,4,3,8
Sweden,The Netherlands,5,1,4,1,4,3,2,2,10
Sweden,San Marino,23,22,25,11,20,24,20,22,"
"
Sweden,United Kingdom,22,15,6,9,9,11,17,15,"
"
Switzerland,Ukraine,25,20,17,13,12,20,21,22,"
"
Switzerland,Belarus,23,21,20,20,17,23,22,23,"
"
Switzerland,Azerbaijan,24,17,21,8,19,22,25,24,"
"
Switzerland,Iceland,12,12,22,22,13,17,17,17,"
"
Switzerland,Norway,10,10,2,2,3,4,12,6,5
Switzerland,Romania,11,19,18,16,14,15,13,15,"
"
Switzerland,Armenia,15,9,14,9,11,11,10,12,"
"
Switzerland,Montenegro,18,18,19,15,18,21,16,20,"
"
Switzerland,Poland,16,25,9,25,9,18,7,14,"
"
Switzerland,Greece,13,22,25,24,25,24,9,16,"
"
Switzerland,Austria,6,1,8,1,1,1,1,1,12
Switzerland,Germany,17,5,12,12,8,9,4,4,7
Switzerland,Sweden,1,6,7,19,20,8,6,5,6
Switzerland,France,3,15,23,23,10,13,23,19,"
"
Switzerland,Russia,14,24,16,10,21,19,18,21,"
"
Switzerland,Italy,21,14,4,14,22,14,5,9,2
Switzerland,Slovenia,22,16,13,5,23,16,20,18,"
"
Switzerland,Finland,4,4,3,4,4,2,15,7,4
Switzerland,Spain,19,3,6,11,15,10,3,3,8
Switzerland,Hungary,5,13,10,18,16,12,8,10,1
Switzerland,Malta,7,8,15,6,7,6,14,11,"
"
Switzerland,Denmark,9,11,11,7,5,7,11,8,3
Switzerland,The Netherlands,8,2,5,3,2,3,2,2,10
Switzerland,San Marino,20,23,24,21,24,25,24,25,"
"
Switzerland,United Kingdom,2,7,1,17,6,5,19,13,"
"
The Netherlands,Ukraine,10,12,12,14,17,13,15,14,"
"
The Netherlands,Belarus,25,20,16,19,24,20,18,21,"
"
The Netherlands,Azerbaijan,11,4,8,10,11,9,20,15,"
"
The Netherlands,Iceland,7,8,2,4,10,5,6,5,6
The Netherlands,Norway,3,1,3,5,1,2,4,2,10
The Netherlands,Romania,9,24,20,7,16,16,16,17,"
"
The Netherlands,Armenia,4,9,10,8,5,7,3,4,7
The Netherlands,Montenegro,1,13,9,3,4,4,22,12,"
"
The Netherlands,Poland,24,25,22,25,25,25,2,13,"
"
The Netherlands,Greece,22,23,23,22,23,24,11,19,"
"
The Netherlands,Austria,5,3,1,1,2,1,1,1,12
The Netherlands,Germany,19,17,18,16,18,18,17,20,"
"
The Netherlands,Sweden,2,6,4,2,7,3,5,3,8
The Netherlands,France,18,19,24,24,21,22,23,24,"
"
The Netherlands,Russia,17,16,15,20,13,17,14,16,"
"
The Netherlands,Italy,20,22,25,23,22,23,25,25,"
"
The Netherlands,Slovenia,21,18,17,18,15,19,24,23,"
"
The Netherlands,Finland,6,5,6,9,12,8,13,9,2
The Netherlands,Spain,16,15,11,6,9,12,12,11,"
"
The Netherlands,Switzerland,8,14,14,11,8,11,8,8,3
The Netherlands,Hungary,12,10,7,12,6,10,7,7,4
The Netherlands,Malta,13,2,5,13,3,6,10,6,5
The Netherlands,Denmark,14,7,13,17,19,14,9,10,1
The Netherlands,San Marino,23,21,21,21,20,21,21,22,"
"
The Netherlands,United Kingdom,15,11,19,15,14,15,19,18,"
"
Ukraine,Belarus,3,8,10,3,3,5,4,5,6
Ukraine,Azerbaijan,9,9,17,9,10,9,10,10,1
Ukraine,Iceland,25,22,22,24,24,25,16,21,"
"
Ukraine,Norway,23,15,25,23,23,23,13,19,"
"
Ukraine,Romania,12,11,21,13,12,13,19,15,"
"
Ukraine,Armenia,8,2,4,8,8,6,2,2,10
Ukraine,Montenegro,22,20,23,20,17,21,23,24,"
"
Ukraine,Poland,6,21,11,6,7,8,1,4,7
Ukraine,Greece,7,13,16,7,6,7,15,11,"
"
Ukraine,Austria,5,3,3,5,5,3,5,3,8
Ukraine,Germany,1,4,2,1,1,2,9,6,5
Ukraine,Sweden,2,1,1,2,2,1,6,1,12
Ukraine,France,13,24,19,19,16,20,22,22,"
"
Ukraine,Russia,10,14,9,10,11,10,3,7,4
Ukraine,Italy,24,25,13,25,25,24,25,25,"
"
Ukraine,Slovenia,14,18,14,14,14,14,18,14,"
"
Ukraine,Finland,20,10,6,11,9,12,20,16,"
"
Ukraine,Spain,4,5,8,4,4,4,14,9,2
Ukraine,Switzerland,16,16,15,16,19,18,8,12,"
"
Ukraine,Hungary,11,7,7,12,18,11,7,8,3
Ukraine,Malta,17,19,18,17,13,19,24,23,"
"
Ukraine,Denmark,15,12,20,18,15,16,21,20,"
"
Ukraine,The Netherlands,21,17,5,15,21,15,12,13,"
"
Ukraine,San Marino,19,23,24,21,20,22,11,17,"
"
Ukraine,United Kingdom,18,6,12,22,22,17,17,18,"
"
United Kingdom,Ukraine,22,16,20,18,7,18,12,16,"
"
United Kingdom,Belarus,17,7,17,25,19,19,19,21,"
"
United Kingdom,Azerbaijan,5,4,25,13,6,8,24,18,"
"
United Kingdom,Iceland,8,14,22,14,13,15,4,7,4
United Kingdom,Norway,7,22,19,11,5,11,17,13,"
"
United Kingdom,Romania,19,11,18,20,22,22,9,17,"
"
United Kingdom,Armenia,20,24,23,16,18,24,16,23,"
"
United Kingdom,Montenegro,16,10,15,23,24,21,25,25,"
"
United Kingdom,Poland,25,25,24,24,25,25,1,11,"
"
United Kingdom,Greece,13,18,8,6,23,14,7,9,2
United Kingdom,Austria,1,8,9,2,4,3,3,1,12
United Kingdom,Germany,18,21,16,9,8,16,20,19,"
"
United Kingdom,Sweden,6,12,10,3,1,5,8,4,7
United Kingdom,France,24,23,12,17,21,23,15,20,"
"
United Kingdom,Russia,14,9,6,19,14,10,18,14,"
"
United Kingdom,Italy,23,19,7,12,15,17,22,22,"
"
United Kingdom,Slovenia,4,6,4,8,16,6,23,15,"
"
United Kingdom,Finland,2,13,3,1,3,2,11,5,6
United Kingdom,Spain,12,3,1,5,10,4,10,6,5
United Kingdom,Switzerland,11,17,11,7,12,9,13,10,1
United Kingdom,Hungary,15,15,13,10,11,12,14,12,"
"
United Kingdom,Malta,3,2,2,4,9,1,5,2,10
United Kingdom,Denmark,10,5,14,21,17,13,6,8,3
United Kingdom,The Netherlands,9,1,5,15,20,7,2,3,8
United Kingdom,San Marino,21,20,21,22,2,20,21,24,"
"
